rpc,type,bitcoin,zcash,pirate,zero,disposition
help,control,y,y,y,y,supported
stop,control,y,y,y,y,supported
getrpcinfo,control,y,n,n,n,
uptime,control,y,n,n,n,
setlogfilter,control,n,y,n,n,
getinfo,control,n,y,y,y,supported
getmemoryinfo,control,y,y,n,n,
getexperimentalfeatures,control,n,y,n,n,
getblockchaininfo,blockchain,y,y,y,y,supported
getbestblockhash,blockchain,y,y,y,y,supported
getblockcount,blockchain,y,y,y,y,supported
getblock,blockchain,y,y,y,y,supported
getblockhash,blockchain,y,y,y,y,supported
getblockheader,blockchain,y,y,y,y,supported
getchaintips,blockchain,y,y,y,y,supported
getchaintxstats,blockchain,y,y,n,y,supported
getdifficulty,blockchain,y,y,y,y,supported
getmempoolinfo,blockchain,y,y,y,y,supported
getrawmempool,blockchain,y,y,y,y,supported
gettxout,blockchain,y,y,y,y,supported
gettxoutsetinfo,blockchain,y,y,y,y,supported
verifychain,blockchain,y,y,y,y,supported
getblockdeltas,blockchain,n,y,y,y,experimental
getblockhashes,blockchain,n,y,y,y,experimental
z_gettreestate,blockchain,n,y,n,n,
z_getsubtreesbyindex,blockchain,n,y,n,n,
getblockstats,blockchain,y,n,n,n,
getblockfrompeer,blockchain,y,n,n,n,
getdeploymentinfo,blockchain,y,n,n,n,
pruneblockchain,blockchain,y,n,n,n,
preciousblock,blockchain,y,n,n,n,
scantxoutset,blockchain,y,n,n,n,
scanblocks,blockchain,y,n,n,n,
getdescriptoractivity,blockchain,y,n,n,n,
getblockfilter,blockchain,y,n,n,n,
dumptxoutset,blockchain,y,n,n,n,
loadtxoutset,blockchain,y,n,n,n,
getchainstates,blockchain,y,n,n,n,
waitfornewblock,blockchain,y,n,n,n,
waitforblock,blockchain,y,n,n,n,
waitforblockheight,blockchain,y,n,n,n,
invalidateblock,hidden,y,y,y,y,hidden
reconsiderblock,hidden,y,y,y,y,hidden
coinsupply,blockchain,n,n,y,n,
getlastsegidstakes,blockchain,n,n,y,n,
notaries,blockchain,n,n,y,n,
minerids,blockchain,n,n,y,n,
kvsearch,blockchain,n,n,y,n,
kvupdate,blockchain,n,n,y,n,
getconnectioncount,network,y,y,y,y,supported
getdeprecationinfo,network,n,y,y,y,supported
ping,network,y,y,y,y,supported
getpeerinfo,network,y,y,y,y,supported
getpeerlist,network,n,n,y,n,
addnode,network,y,y,y,y,supported
disconnectnode,network,y,y,y,y,supported
getaddednodeinfo,network,y,y,y,y,supported
getnettotals,network,y,y,y,y,supported
getnetworkinfo,network,y,y,y,y,supported
setban,network,y,y,y,y,supported
listbanned,network,y,y,y,y,supported
clearbanned,network,y,y,y,y,supported
setnetworkactive,network,y,n,n,n,
getnodeaddresses,network,y,n,n,n,
getaddrmaninfo,network,y,n,n,n,
validateaddress,util,y,y,y,y,supported
z_validateaddress,util,n,y,y,y,supported
createmultisig,util,y,y,y,y,supported
verifymessage,util,y,y,y,y,supported
signmessagewithprivkey,util,y,n,n,n,
deriveaddresses,util,y,n,n,n,
getdescriptorinfo,util,y,n,n,n,
getindexinfo,util,y,n,n,n,
estimatefee,util,n,n,n,y,supported
estimatepriority,util,n,n,n,y,supported
estimatesmartfee,util,y,n,n,n,
estimaterawfee,util,y,n,n,n,
getaddresstxids,addressindex,n,y,y,y,experimental
getaddressbalance,addressindex,n,y,y,y,experimental
getaddressdeltas,addressindex,n,y,y,y,experimental
getaddressutxos,addressindex,n,y,y,y,experimental
getaddressmempool,addressindex,n,y,y,y,experimental
getspentinfo,blockchain,n,y,y,y,experimental
setmocktime,hidden,y,y,y,y,hidden
mockscheduler,hidden,y,n,n,n,
echo,hidden,y,n,n,n,
echojson,hidden,y,n,n,n,
getrawtransaction,rawtransactions,y,y,y,y,supported
createrawtransaction,rawtransactions,y,y,y,y,supported
decoderawtransaction,rawtransactions,y,y,y,y,supported
decodescript,rawtransactions,y,y,y,y,supported
sendrawtransaction,rawtransactions,y,y,y,y,supported
signrawtransaction,rawtransactions,n,y,y,y,supported
signrawtransactionwithkey,rawtransactions,y,n,n,n,
signrawtransactionwithwallet,rawtransactions,y,n,n,n,
fundrawtransaction,rawtransactions,y,y,y,y,supported
gettxoutproof,blockchain,y,y,y,y,supported
verifytxoutproof,blockchain,y,y,y,y,supported
combinerawtransaction,rawtransactions,y,n,n,n,
decodepsbt,rawtransactions,y,n,n,n,
combinepsbt,rawtransactions,y,n,n,n,
finalizepsbt,rawtransactions,y,n,n,n,
createpsbt,rawtransactions,y,n,n,n,
converttopsbt,rawtransactions,y,n,n,n,
utxoupdatepsbt,rawtransactions,y,n,n,n,
descriptorprocesspsbt,rawtransactions,y,n,n,n,
joinpsbts,rawtransactions,y,n,n,n,
analyzepsbt,rawtransactions,y,n,n,n,
testmempoolaccept,rawtransactions,y,n,n,n,
submitpackage,rawtransactions,y,n,n,n,
getmempoolancestors,blockchain,y,n,n,n,
getmempooldescendants,blockchain,y,n,n,n,
getmempoolentry,blockchain,y,n,n,n,
gettxspendingprevout,blockchain,y,n,n,n,
importmempool,blockchain,y,n,n,n,
savemempool,blockchain,y,n,n,n,
getorphantxs,blockchain,y,n,n,n,
getlocalsolps,mining,n,y,y,y,supported
getnetworksolps,mining,n,y,y,y,supported
getnetworkhashps,mining,y,y,y,y,deprecated
getmininginfo,mining,y,y,y,y,supported
prioritisetransaction,mining,y,y,y,y,supported
getblocktemplate,mining,y,y,y,y,supported
submitblock,mining,y,y,y,y,supported
getblocksubsidy,mining,n,y,y,y,supported
getgenerate,generating,n,y,y,y,supported
setgenerate,generating,n,y,y,y,supported
generate,generating,n,y,y,y,supported
getprioritisedtransactions,mining,y,n,n,n,
submitheader,mining,y,n,n,n,
generatetoaddress,generating,y,n,n,n,
generatetodescriptor,generating,y,n,n,n,
generateblock,generating,y,n,n,n,
genminingCSV,mining,n,n,y,n,
spork,spork,n,y,y,y,supported
createsporkkeys,hidden,n,y,y,y,hidden
getzeronodecount,zeronode,n,n,n,y,supported
zeronodeconnect,zeronode,n,n,n,y,supported
zeronodecurrent,zeronode,n,n,n,y,supported
zeronodedebug,zeronode,n,n,n,y,supported
createzeronodekey,zeronode,n,n,n,y,supported
getzeronodeoutputs,zeronode,n,n,n,y,supported
startzeronode,zeronode,n,n,n,y,supported
startalias,zeronode,n,n,n,y,supported
getzeronodestatus,zeronode,n,n,n,y,supported
listzeronodes,zeronode,n,n,n,y,supported
listzeronodeconf,zeronode,n,n,n,y,supported
getzeronodewinners,zeronode,n,n,n,y,supported
getzeronodescores,zeronode,n,n,n,y,supported
zeronode,zeronode,n,n,n,y,deprecated
znsync,zeronode,n,n,n,y,supported
zeronodestats,zeronode,n,n,n,y,supported
znbudget,zeronode-budget,n,n,n,y,deprecated
preparebudget,zeronode-budget,n,n,n,y,supported
submitbudget,zeronode-budget,n,n,n,y,supported
znbudgetvote,zeronode-budget,n,n,n,y,supported
znbudgetrawvote,zeronode-budget,n,n,n,y,supported
znfinalbudget,zeronode-budget,n,n,n,y,supported
getbudgetvotes,zeronode-budget,n,n,n,y,supported
getnextsuperblock,zeronode-budget,n,n,n,y,supported
getbudgetprojection,zeronode-budget,n,n,n,y,supported
getbudgetinfo,zeronode-budget,n,n,n,y,supported
checkbudgets,zeronode-budget,n,n,n,y,supported
addmultisigaddress,wallet,y,y,y,y,supported
backupwallet,wallet,y,y,y,y,supported
dumpprivkey,wallet,y,y,y,y,supported
dumpwallet,wallet,y,y,y,y,supported
encryptwallet,wallet,y,y,y,y,experimental
getaccountaddress,wallet,n,n,y,y,deprecated
getaccount,wallet,n,n,y,y,deprecated
getaddressesbyaccount,wallet,n,n,y,y,deprecated
getbalance,wallet,y,y,y,y,supported
getnewaddress,wallet,y,y,y,y,supported
getrawchangeaddress,wallet,y,y,y,y,supported
getreceivedbyaccount,wallet,n,n,y,y,deprecated
getreceivedbyaddress,wallet,y,y,y,y,supported
gettransaction,wallet,y,y,y,y,supported
getunconfirmedbalance,wallet,n,y,y,y,supported
getwalletinfo,wallet,y,y,y,y,supported
importprivkey,wallet,y,y,y,y,supported
importwallet,wallet,y,y,y,y,supported
importaddress,wallet,y,y,y,y,supported
importpubkey,wallet,n,y,n,n,
keypoolrefill,wallet,y,y,y,y,supported
listaccounts,wallet,n,y,y,y,deprecated
listaddressgroupings,wallet,y,y,y,y,supported
listaddresses,wallet,n,y,n,n,
listlockunspent,wallet,y,y,y,y,supported
listreceivedbyaccount,wallet,n,n,y,y,deprecated
listreceivedbyaddress,wallet,y,y,y,y,supported
listsinceblock,wallet,y,y,y,y,supported
listtransactions,wallet,y,y,y,y,supported
listunspent,wallet,y,y,y,y,supported
lockunspent,wallet,y,y,y,y,supported
move,wallet,n,n,n,y,deprecated
sendfrom,wallet,n,n,y,y,deprecated
sendmany,wallet,y,y,y,y,supported
sendtoaddress,wallet,y,y,y,y,supported
setaccount,wallet,n,n,y,y,deprecated
settxfee,wallet,y,y,y,y,supported
signmessage,wallet,y,y,y,y,supported
walletlock,wallet,y,y,y,y,supported
walletpassphrasechange,wallet,y,y,y,y,supported
walletpassphrase,wallet,y,y,y,y,supported
resendwallettransactions,hidden,y,y,y,y,hidden
zcbenchmark,wallet,n,y,y,y,supported
zcrawjoinsplit,wallet,n,y,y,n,compiled-out
zcrawreceive,wallet,n,n,n,n,compiled-out
zcsamplejoinsplit,wallet,n,y,y,y,supported
z_converttex,wallet,n,y,n,n,
z_listreceivedbyaddress,wallet,n,y,y,y,supported
z_listunspent,wallet,n,y,y,y,supported
z_getbalance,wallet,n,y,y,y,supported
z_gettotalbalance,wallet,n,y,y,y,supported
z_mergetoaddress,wallet,n,y,y,y,experimental
z_sendmany,wallet,n,y,y,y,supported
z_setmigration,wallet,n,y,y,y,supported
z_getmigrationstatus,wallet,n,y,y,y,supported
z_shieldcoinbase,wallet,n,y,y,y,supported
z_getoperationstatus,wallet,n,y,y,y,supported
z_getoperationresult,wallet,n,y,y,y,supported
z_listoperationids,wallet,n,y,y,y,supported
z_getnewaddress,wallet,n,y,y,y,supported
z_listaddresses,wallet,n,y,y,y,supported
z_exportkey,wallet,n,y,y,y,supported
z_importkey,wallet,n,y,y,y,supported
z_exportviewingkey,wallet,n,y,y,y,supported
z_importviewingkey,wallet,n,y,y,y,supported
z_exportwallet,wallet,n,y,y,y,supported
z_importwallet,wallet,n,y,y,y,supported
z_viewtransaction,wallet,n,y,y,y,supported
z_getpaymentdisclosure,disclosure,n,y,y,y,experimental
z_validatepaymentdisclosure,disclosure,n,y,y,y,experimental
z_getnewaccount,wallet,n,y,n,n,
z_getaddressforaccount,wallet,n,y,n,n,
z_listaccounts,wallet,n,y,n,n,
z_listunifiedreceivers,wallet,n,y,n,n,
z_getbalanceforviewingkey,wallet,n,y,n,n,
z_getbalanceforaccount,wallet,n,y,n,n,
z_getnotescount,wallet,n,y,n,n,
z_getnewaddresskey,wallet,n,n,y,n,
z_setprimaryspendingkey,wallet,n,n,y,n,
z_exportseedphrase,wallet,n,n,y,n,
z_sendmany_prepare_offline,wallet,n,n,y,n,
z_sign_offline,wallet,n,n,y,n,
walletconfirmbackup,wallet,n,y,n,n,
convertpassphrase,wallet,n,n,y,n,
rescan,wallet,n,n,y,n,
consolidationstatus,wallet,n,n,y,n,
consolidateaddress,wallet,n,n,y,n,
z_getbalances,wallet,n,n,y,n,
createwallet,wallet,y,n,n,n,
restorewallet,wallet,y,n,n,n,
loadwallet,wallet,y,n,n,n,
unloadwallet,wallet,y,n,n,n,
bumpfee,wallet,y,n,n,n,
psbtbumpfee,wallet,y,n,n,n,
send,wallet,y,n,n,n,
sendall,wallet,y,n,n,n,
zs_listtransactions,zero_exclusive,n,n,n,y,supported
zs_gettransaction,zero_exclusive,n,n,n,y,supported
zs_listspentbyaddress,zero_exclusive,n,n,n,y,supported
zs_listreceivedbyaddress,zero_exclusive,n,n,n,y,supported
zs_listsentbyaddress,zero_exclusive,n,n,n,y,supported
getalldata,zero_exclusive,n,n,n,y,supported
getsupply,zero_exclusive,n,n,n,y,supported
getsaplingwitness,zero_experimental,n,n,n,y,experimental
getsaplingwitnessatheight,zero_experimental,n,n,n,y,experimental
getsaplingblocks,zero_experimental,n,n,n,y,experimental
getiguanajson,control,n,n,y,n,
getnotarysendmany,control,n,n,y,n,
geterablockheights,control,n,n,y,n,
MoMoMdata,crosschain,n,n,y,n,
calc_MoM,crosschain,n,n,y,n,
height_MoM,crosschain,n,n,y,n,
assetchainproof,crosschain,n,n,y,n,
crosschainproof,crosschain,n,n,y,n,
logging,control,y,n,n,n,
getdbinfo,blockchain,n,n,n,y,supported
zcrawkeygen,wallet,n,n,n,n,removed
